Chem ID,slope,intercept,start,end
c2h2,9.723516658,0.000648654,1.8,2.073
c2h4,9.723516658,0.000648654,1.367,1.633
c2h6,9.727441622,0.000516079,1.7,1.807
