,Cut-in,Cut-out,Meter Reading
0,550.0,560.0,9.779166666666667
1,550.0,570.0,19.529958333333333
2,550.0,580.0,29.810650000000003
3,550.0,590.0,40.3
4,550.0,600.0,51.385000000000005
5,550.0,610.0,62.4775
6,550.0,620.0,74.8
7,550.0,630.0,86.59249999999997
8,550.0,640.0,100.0
9,550.0,650.0,113.89500000000001
