,Cut-in,Cut-out,Meter Reading
0,550.0,560.0,10.183583333333335
1,550.0,570.0,19.726499999999998
2,550.0,580.0,29.983750000000004
3,550.0,590.0,40.8
4,550.0,600.0,52.29999999999999
5,550.0,610.0,64.0
6,550.0,620.0,76.79999999999998
7,550.0,630.0,89.20000000000002
8,550.0,640.0,103.39500000000002
9,550.0,650.0,117.69999999999997
