,Cut-in,Cut-out,Meter Reading
0,550.0,560.0,9.804071428571428
1,550.0,570.0,19.684749999999998
2,550.0,580.0,30.20000000000001
3,550.0,590.0,41.265
4,550.0,600.0,53.1
5,550.0,610.0,65.0975
6,550.0,620.0,78.29999999999998
7,550.0,630.0,90.8
8,550.0,640.0,105.0
9,550.0,650.0,119.40000000000002
