,Cut-in,Cut-out,Meter Reading
0,590,600,13.69697808
1,580,600,25.5611875
2,570,600,37.1
3,560,600,47.999375
4,550,600,57.80607143
5,540,600,68
6,530,600,78.7
7,520,600,94.83714286
8,510,600,109.2961607
