,Cut-in,Cut-out,Meter Reading
0,550.0,560.0,9.304416666666668
1,550.0,570.0,18.612249999999996
2,550.0,580.0,28.543416666666662
3,550.0,590.0,38.8
4,550.0,600.0,49.79999999999999
5,550.0,610.0,60.80916666666665
6,550.0,620.0,73.0
7,550.0,630.0,84.70000000000002
8,550.0,640.0,97.90000000000002
9,550.0,650.0,111.3
