,Cut-in,Cut-out,Meter Reading
0,550.0,560.0,9.767624999999999
1,550.0,570.0,18.858916666666666
2,550.0,580.0,28.879416666666668
3,550.0,590.0,39.2
4,550.0,600.0,50.20000000000001
5,550.0,610.0,61.29999999999999
6,550.0,620.0,73.5
7,550.0,630.0,85.29249999999999
8,550.0,640.0,98.59999999999998
9,550.0,650.0,112.19999999999997
